{"cameraMode":{"drawMode":0,"name":"Shaded","section":"Shading Mode"},"sceneLighting":false,"audioPlay":false,"sceneViewState":{"m_AlwaysRefresh":false,"showFog":true,"showSkybox":false,"showFlares":true,"showImageEffects":true,"showParticleSystems":true,"showVisualEffectGraphs":true,"m_FxEnabled":true},"in2DMode":false,"pivot":{"x":26.967924118041993,"y":3.516849994659424,"z":-20.237491607666017},"rotation":{"x":0.2084256410598755,"y":-0.019657621160149576,"z":0.004187094513326883,"w":0.9778586030006409},"size":5.5648016929626469,"orthographic":false}