{"cameraMode":{"drawMode":0,"name":"Shaded","section":"Shading Mode"},"sceneLighting":true,"audioPlay":false,"sceneViewState":{"m_AlwaysRefresh":false,"showFog":true,"showSkybox":true,"showFlares":true,"showImageEffects":true,"showParticleSystems":true,"showVisualEffectGraphs":true,"m_FxEnabled":true},"in2DMode":false,"pivot":{"x":217.92947387695313,"y":9.489555358886719,"z":-185.9841766357422},"rotation":{"x":0.004730147309601307,"y":0.9951886534690857,"z":-0.06309155374765396,"w":0.0750822052359581},"size":138.51712036132813,"orthographic":false}