{"cameraMode":{"drawMode":0,"name":"Shaded","section":"Shading Mode"},"sceneLighting":false,"audioPlay":false,"sceneViewState":{"m_AlwaysRefresh":false,"showFog":true,"showSkybox":false,"showFlares":true,"showImageEffects":true,"showParticleSystems":true,"showVisualEffectGraphs":true,"m_FxEnabled":true},"in2DMode":false,"pivot":{"x":-35.799339294433597,"y":23.763856887817384,"z":59.482276916503909},"rotation":{"x":0.3018926680088043,"y":0.0685635581612587,"z":-0.021773939952254297,"w":0.9506236910820007},"size":3.2442946434020998,"orthographic":false}