{"cameraMode":{"drawMode":0,"name":"Shaded","section":"Shading Mode"},"sceneLighting":false,"audioPlay":false,"sceneViewState":{"m_AlwaysRefresh":false,"showFog":true,"showSkybox":false,"showFlares":true,"showImageEffects":true,"showParticleSystems":true,"showVisualEffectGraphs":true,"m_FxEnabled":true},"in2DMode":false,"pivot":{"x":-18.659990310668947,"y":24.808870315551759,"z":65.02558898925781},"rotation":{"x":0.5920265316963196,"y":0.041759561747312549,"z":-0.03079719841480255,"w":0.8043484687805176},"size":2.9513306617736818,"orthographic":false}