{"cameraMode":{"drawMode":0,"name":"Shaded","section":"Shading Mode"},"sceneLighting":true,"audioPlay":false,"sceneViewState":{"m_AlwaysRefresh":false,"showFog":true,"showSkybox":true,"showFlares":true,"showImageEffects":true,"showParticleSystems":true,"showVisualEffectGraphs":true,"m_FxEnabled":true},"in2DMode":false,"pivot":{"x":8.617593765258789,"y":0.5244123935699463,"z":-10.127161026000977},"rotation":{"x":0.2139885127544403,"y":0.054769255220890048,"z":-0.012016385793685913,"w":0.9752315282821655},"size":9.165740013122559,"orthographic":true}