{"cameraMode":{"drawMode":0,"name":"Shaded","section":"Shading Mode"},"sceneLighting":true,"audioPlay":false,"sceneViewState":{"m_AlwaysRefresh":false,"showFog":true,"showSkybox":true,"showFlares":true,"showImageEffects":true,"showParticleSystems":true,"showVisualEffectGraphs":true,"m_FxEnabled":true},"in2DMode":false,"pivot":{"x":88.72419738769531,"y":25.116920471191408,"z":22.66651153564453},"rotation":{"x":0.05690299719572067,"y":0.9430696368217468,"z":-0.2277883142232895,"w":0.23558422923088075},"size":59.005340576171878,"orthographic":true}