{"cameraMode":{"drawMode":0,"name":"Shaded","section":"Shading Mode"},"sceneLighting":true,"audioPlay":false,"sceneViewState":{"m_AlwaysRefresh":false,"showFog":true,"showSkybox":true,"showFlares":true,"showImageEffects":true,"showParticleSystems":true,"showVisualEffectGraphs":true,"m_FxEnabled":true},"in2DMode":false,"pivot":{"x":-0.06111033260822296,"y":-0.38713163137435915,"z":-0.03211488574743271},"rotation":{"x":-0.11213460564613342,"y":0.6905612945556641,"z":-0.10967149585485459,"w":-0.7060670256614685},"size":6.816022872924805,"orthographic":true}