{"cameraMode":{"drawMode":0,"name":"Shaded","section":"Shading Mode"},"sceneLighting":true,"audioPlay":false,"sceneViewState":{"m_AlwaysRefresh":false,"showFog":true,"showSkybox":true,"showFlares":true,"showImageEffects":true,"showParticleSystems":true,"showVisualEffectGraphs":true,"m_FxEnabled":true},"in2DMode":false,"pivot":{"x":33.991878509521487,"y":17.60938262939453,"z":2.081692695617676},"rotation":{"x":0.4250101149082184,"y":0.19223839044570924,"z":-0.09278570115566254,"w":0.8797986507415772},"size":0.08660218119621277,"orthographic":false}