{"cameraMode":{"drawMode":0,"name":"Shaded","section":"Shading Mode"},"sceneLighting":true,"audioPlay":false,"sceneViewState":{"m_AlwaysRefresh":false,"showFog":true,"showSkybox":true,"showFlares":true,"showImageEffects":true,"showParticleSystems":true,"showVisualEffectGraphs":true,"m_FxEnabled":true},"in2DMode":false,"pivot":{"x":4.794506072998047,"y":2.2773830890655519,"z":-6.33470344543457},"rotation":{"x":0.029311884194612504,"y":-0.9680325984954834,"z":0.13592344522476197,"w":0.20875723659992219},"size":6.820066928863525,"orthographic":true}