{"cameraMode":{"drawMode":0,"name":"Shaded","section":"Shading Mode"},"sceneLighting":true,"audioPlay":false,"sceneViewState":{"m_AlwaysRefresh":false,"showFog":true,"showSkybox":true,"showFlares":true,"showImageEffects":true,"showParticleSystems":true,"showVisualEffectGraphs":true,"m_FxEnabled":true},"in2DMode":false,"pivot":{"x":503.2094421386719,"y":26.318254470825197,"z":20.946584701538087},"rotation":{"x":0.10915734618902207,"y":-0.6285342574119568,"z":0.09092447906732559,"w":0.7651254534721375},"size":3.813397169113159,"orthographic":false}