{"cameraMode":{"drawMode":0,"name":"Shaded","section":"Shading Mode"},"sceneLighting":true,"audioPlay":false,"sceneViewState":{"m_AlwaysRefresh":false,"showFog":true,"showSkybox":true,"showFlares":true,"showImageEffects":true,"showParticleSystems":true,"showVisualEffectGraphs":true,"m_FxEnabled":true},"in2DMode":false,"pivot":{"x":424.5992431640625,"y":-20.260343551635743,"z":-28.32037925720215},"rotation":{"x":0.6400945782661438,"y":-0.0035727396607398988,"z":0.004371549468487501,"w":0.7689703702926636},"size":34.22015380859375,"orthographic":false}