{"cameraMode":{"drawMode":0,"name":"Shaded","section":"Shading Mode"},"sceneLighting":true,"audioPlay":false,"sceneViewState":{"m_AlwaysRefresh":false,"showFog":true,"showSkybox":true,"showFlares":true,"showImageEffects":true,"showParticleSystems":true,"showVisualEffectGraphs":true,"m_FxEnabled":true},"in2DMode":false,"pivot":{"x":104.91038513183594,"y":-27.033052444458009,"z":35.413719177246097},"rotation":{"x":-0.27893754839897158,"y":-0.4756498336791992,"z":0.16213323175907136,"w":-0.8183736205101013},"size":45.832725524902347,"orthographic":false}