{"cameraMode":{"drawMode":0,"name":"Shaded","section":"Shading Mode"},"sceneLighting":true,"audioPlay":false,"sceneViewState":{"m_AlwaysRefresh":true,"showFog":true,"showSkybox":true,"showFlares":true,"showImageEffects":true,"showParticleSystems":true,"showVisualEffectGraphs":true,"m_FxEnabled":true},"in2DMode":false,"pivot":{"x":36.44389724731445,"y":11.196609497070313,"z":-4.776151657104492},"rotation":{"x":0.03183429315686226,"y":0.8714655637741089,"z":-0.05707400292158127,"w":0.4860866963863373},"size":23.839387893676759,"orthographic":true}